{"OutputFileHashSum":"36246D123C3A638D9F3C2C5435E2637DEE6BC0A1A633854F02994780D8C690DE","Converted":true,"OutputModifyDate":"2020-05-08T11:17:03.5019505Z","Metadatas":[{"CategoryName":"VuGen.Replay","Offset":550,"Length":23,"TypeId":1},{"CategoryName":"VuGen.Replay","Offset":676,"Length":55,"TypeId":2},{"CategoryName":"VuGen.Replay","Offset":1540,"Length":55,"TypeId":2},{"CategoryName":"VuGen.Replay","Offset":3659,"Length":113,"TypeId":2},{"CategoryName":"VuGen.Replay","Offset":3772,"Length":52,"TypeId":2},{"CategoryName":"VuGen.Replay","Offset":6398,"Length":110,"TypeId":2},{"CategoryName":"VuGen.Replay","Offset":6508,"Length":62,"TypeId":2},{"CategoryName":"VuGen.Replay","Offset":8770,"Length":121,"TypeId":2},{"CategoryName":"VuGen.Replay","Offset":8891,"Length":54,"TypeId":2},{"CategoryName":"VuGen.Replay","Offset":10326,"Length":112,"TypeId":2},{"CategoryName":"VuGen.Replay","Offset":10438,"Length":115,"TypeId":2},{"CategoryName":"VuGen.Replay","Offset":10576,"Length":21,"TypeId":1}],"MetadataTypes":[{"CategoryName":"VuGen.Replay","MetadataTypeName":"HP.LR.Vugen.Iteration","Id":1},{"CategoryName":"VuGen.Replay","MetadataTypeName":"HP.LR.Vugen.NotifyTransaction","Id":2}]}