[
    {
        "actionName": "Action",
        "steps": [
            {
                "stepId": "STEP1",
                "stepName": "Url: WebTours",
                "infFile": "t1.inf",
                "time": 1588934450839
            },
            {
                "stepId": "STEP2",
                "stepName": "Submit Data: login.pl",
                "infFile": "t2.inf",
                "time": 1588934451283
            },
            {
                "stepId": "STEP3",
                "stepName": "Url: SignOff Button",
                "infFile": "t3.inf",
                "time": 1588934451667
            }
        ],
        "transactions": [
            {
                "transactionName": "open_url",
                "rawStartTime": 1588934449246,
                "rawEndTime": 1588934450841,
                "thinkTime": 0.0,
                "wastedTime": 0.9917290210723877
            },
            {
                "transactionName": "login",
                "rawStartTime": 1588934450862,
                "rawEndTime": 1588934451285,
                "thinkTime": 0.0,
                "wastedTime": 0.12926030158996583
            },
            {
                "transactionName": "logout",
                "rawStartTime": 1588934451289,
                "rawEndTime": 1588934451669,
                "thinkTime": 0.0,
                "wastedTime": 0.027557373046875
            },
            {
                "transactionName": "Scenario1",
                "rawStartTime": 1588934448981,
                "rawEndTime": 1588934451672,
                "thinkTime": 0.0,
                "wastedTime": 1.1485466957092286
            }
        ]
    }
]