[
    {
        "actionName": "Action",
        "steps": [
            {
                "stepId": "STEP1",
                "stepName": "Url: WebTours",
                "infFile": "t1.inf",
                "time": 1588934600833
            },
            {
                "stepId": "STEP2",
                "stepName": "Submit Data: login.pl",
                "infFile": "t2.inf",
                "time": 1588934601340
            }
        ],
        "transactions": [
            {
                "transactionName": "open_url",
                "rawStartTime": 1588934599978,
                "rawEndTime": 1588934600835,
                "thinkTime": 0.0,
                "wastedTime": 0.44878387451171877
            },
            {
                "transactionName": "login",
                "rawStartTime": 1588934600839,
                "rawEndTime": 1588934601344,
                "thinkTime": 0.0,
                "wastedTime": 0.1648550033569336
            },
            {
                "transactionName": "Scenario1",
                "rawStartTime": 1588934599903,
                "rawEndTime": 1588934601344,
                "thinkTime": 0.0,
                "wastedTime": 0.6136388778686523
            }
        ]
    }
]