{"OutputFileHashSum":"249F471230D9AB5BD7A1A7FA44CC47404F974ED84C69969E1D250B1B8BC40498","Converted":true,"OutputModifyDate":"2020-05-08T10:44:21.8463276Z","Metadatas":[{"CategoryName":"VuGen.Replay","Offset":550,"Length":23,"TypeId":1},{"CategoryName":"VuGen.Replay","Offset":676,"Length":55,"TypeId":2},{"CategoryName":"VuGen.Replay","Offset":1540,"Length":55,"TypeId":2},{"CategoryName":"VuGen.Replay","Offset":3659,"Length":113,"TypeId":2},{"CategoryName":"VuGen.Replay","Offset":3772,"Length":52,"TypeId":2},{"CategoryName":"VuGen.Replay","Offset":6398,"Length":110,"TypeId":2},{"CategoryName":"VuGen.Replay","Offset":6508,"Length":53,"TypeId":2},{"CategoryName":"VuGen.Replay","Offset":7715,"Length":112,"TypeId":2},{"CategoryName":"VuGen.Replay","Offset":7827,"Length":115,"TypeId":2},{"CategoryName":"VuGen.Replay","Offset":7965,"Length":21,"TypeId":1}],"MetadataTypes":[{"CategoryName":"VuGen.Replay","MetadataTypeName":"HP.LR.Vugen.Iteration","Id":1},{"CategoryName":"VuGen.Replay","MetadataTypeName":"HP.LR.Vugen.NotifyTransaction","Id":2},{"CategoryName":"VuGen.Replay","MetadataTypeName":"Utt.Debugger.Error","Id":3},{"CategoryName":"VuGen.Replay","MetadataTypeName":"HP.LR.Vugen.NotifyAny","Id":4}]}