[
    {
        "actionName": "Action",
        "steps": [
            {
                "stepId": "STEP1",
                "stepName": "Url: WebTours",
                "infFile": "t2.inf",
                "time": 1588935958912
            },
            {
                "stepId": "STEP2",
                "stepName": "Submit Data: login.pl",
                "infFile": "t3.inf",
                "time": 1588935959551
            },
            {
                "stepId": "STEP3",
                "stepName": "Url: Search Flights Button",
                "infFile": "t4.inf",
                "time": 1588935960207
            },
            {
                "stepId": "STEP4",
                "stepName": "Submit Data: reservations.pl",
                "infFile": "t5.inf",
                "time": 1588935960791
            },
            {
                "stepId": "STEP5",
                "stepName": "Submit Data: reservations.pl_2",
                "infFile": "t6.inf",
                "time": 1588935961414
            },
            {
                "stepId": "STEP6",
                "stepName": "Submit Data: reservations.pl_3",
                "infFile": "t7.inf",
                "time": 1588935962098
            },
            {
                "stepId": "STEP7",
                "stepName": "Url: SignOff Button",
                "infFile": "t8.inf",
                "time": 1588935962649
            }
        ],
        "transactions": [
            {
                "transactionName": "open_url",
                "rawStartTime": 1588935957763,
                "rawEndTime": 1588935958915,
                "thinkTime": 0.0,
                "wastedTime": 0.6031579971313477
            },
            {
                "transactionName": "login",
                "rawStartTime": 1588935958918,
                "rawEndTime": 1588935959554,
                "thinkTime": 0.0,
                "wastedTime": 0.1552133560180664
            },
            {
                "transactionName": "click_flights",
                "rawStartTime": 1588935959557,
                "rawEndTime": 1588935960210,
                "thinkTime": 0.0,
                "wastedTime": 0.03838062286376953
            },
            {
                "transactionName": "create_ticket",
                "rawStartTime": 1588935960213,
                "rawEndTime": 1588935960795,
                "thinkTime": 0.0,
                "wastedTime": 0.03747129440307617
            },
            {
                "transactionName": "select_flight",
                "rawStartTime": 1588935960805,
                "rawEndTime": 1588935961417,
                "thinkTime": 0.0,
                "wastedTime": 0.04857182502746582
            },
            {
                "transactionName": "payment_details",
                "rawStartTime": 1588935961420,
                "rawEndTime": 1588935962100,
                "thinkTime": 0.0,
                "wastedTime": 0.1899096965789795
            },
            {
                "transactionName": "logout",
                "rawStartTime": 1588935962103,
                "rawEndTime": 1588935962651,
                "thinkTime": 0.0,
                "wastedTime": 0.0371546745300293
            },
            {
                "transactionName": "Scenario2",
                "rawStartTime": 1588935957685,
                "rawEndTime": 1588935962654,
                "thinkTime": 0.0,
                "wastedTime": 1.1098594665527344
            }
        ]
    }
]