{"OutputFileHashSum":"9CDD4384E0673372E57252228F627E8A8BC2D48ABDD57BE006D5DFE5BD0B74D9","Converted":true,"OutputModifyDate":"2020-05-08T11:06:02.7119316Z","Metadatas":[{"CategoryName":"VuGen.Replay","Offset":550,"Length":23,"TypeId":1},{"CategoryName":"VuGen.Replay","Offset":676,"Length":55,"TypeId":2},{"CategoryName":"VuGen.Replay","Offset":1540,"Length":55,"TypeId":2},{"CategoryName":"VuGen.Replay","Offset":3659,"Length":113,"TypeId":2},{"CategoryName":"VuGen.Replay","Offset":3772,"Length":52,"TypeId":2},{"CategoryName":"VuGen.Replay","Offset":6398,"Length":110,"TypeId":2},{"CategoryName":"VuGen.Replay","Offset":6508,"Length":60,"TypeId":2},{"CategoryName":"VuGen.Replay","Offset":8629,"Length":119,"TypeId":2},{"CategoryName":"VuGen.Replay","Offset":8748,"Length":61,"TypeId":2},{"CategoryName":"VuGen.Replay","Offset":9609,"Length":119,"TypeId":2},{"CategoryName":"VuGen.Replay","Offset":9728,"Length":61,"TypeId":2},{"CategoryName":"VuGen.Replay","Offset":10435,"Length":119,"TypeId":2},{"CategoryName":"VuGen.Replay","Offset":10554,"Length":63,"TypeId":2},{"CategoryName":"VuGen.Replay","Offset":12333,"Length":121,"TypeId":2},{"CategoryName":"VuGen.Replay","Offset":12454,"Length":54,"TypeId":2},{"CategoryName":"VuGen.Replay","Offset":13907,"Length":112,"TypeId":2},{"CategoryName":"VuGen.Replay","Offset":14019,"Length":115,"TypeId":2},{"CategoryName":"VuGen.Replay","Offset":14157,"Length":21,"TypeId":1}],"MetadataTypes":[{"CategoryName":"VuGen.Replay","MetadataTypeName":"HP.LR.Vugen.Iteration","Id":1},{"CategoryName":"VuGen.Replay","MetadataTypeName":"HP.LR.Vugen.NotifyTransaction","Id":2},{"CategoryName":"VuGen.Replay","MetadataTypeName":"Utt.Debugger.Error","Id":3},{"CategoryName":"VuGen.Replay","MetadataTypeName":"HP.LR.Vugen.NotifyAny","Id":4}]}