[
    {
        "actionName": "Action",
        "steps": [
            {
                "stepId": "STEP1",
                "stepName": "Url: WebTours",
                "infFile": "t2.inf",
                "time": 1588934660800
            },
            {
                "stepId": "STEP2",
                "stepName": "Submit Data: login.pl",
                "infFile": "t3.inf",
                "time": 1588934661401
            },
            {
                "stepId": "STEP3",
                "stepName": "Url: SignOff Button",
                "infFile": "t4.inf",
                "time": 1588934661802
            }
        ],
        "transactions": [
            {
                "transactionName": "open_url",
                "rawStartTime": 1588934659802,
                "rawEndTime": 1588934660803,
                "thinkTime": 0.0,
                "wastedTime": 0.5781598091125488
            },
            {
                "transactionName": "login",
                "rawStartTime": 1588934660806,
                "rawEndTime": 1588934661404,
                "thinkTime": 0.0,
                "wastedTime": 0.1297152042388916
            },
            {
                "transactionName": "logout",
                "rawStartTime": 1588934661407,
                "rawEndTime": 1588934661805,
                "thinkTime": 0.0,
                "wastedTime": 0.026488304138183595
            },
            {
                "transactionName": "Scenario1",
                "rawStartTime": 1588934659686,
                "rawEndTime": 1588934661808,
                "thinkTime": 0.0,
                "wastedTime": 0.734363317489624
            }
        ]
    }
]