{"OutputFileHashSum":"63AC7B65F3720A1EFEE09986CD01EE1BF960E486D5E86E251AAE254A7FB211BA","Converted":true,"OutputModifyDate":"2020-05-08T11:44:13.7746793Z","Metadatas":[{"CategoryName":"VuGen.Replay","Offset":550,"Length":23,"TypeId":1},{"CategoryName":"VuGen.Replay","Offset":676,"Length":55,"TypeId":2},{"CategoryName":"VuGen.Replay","Offset":1540,"Length":55,"TypeId":2},{"CategoryName":"VuGen.Replay","Offset":3659,"Length":113,"TypeId":2},{"CategoryName":"VuGen.Replay","Offset":3772,"Length":52,"TypeId":2},{"CategoryName":"VuGen.Replay","Offset":6398,"Length":110,"TypeId":2},{"CategoryName":"VuGen.Replay","Offset":6508,"Length":62,"TypeId":2},{"CategoryName":"VuGen.Replay","Offset":8771,"Length":121,"TypeId":2},{"CategoryName":"VuGen.Replay","Offset":8892,"Length":61,"TypeId":2},{"CategoryName":"VuGen.Replay","Offset":9571,"Length":119,"TypeId":2},{"CategoryName":"VuGen.Replay","Offset":9690,"Length":54,"TypeId":2},{"CategoryName":"VuGen.Replay","Offset":11291,"Length":112,"TypeId":2},{"CategoryName":"VuGen.Replay","Offset":11403,"Length":115,"TypeId":2},{"CategoryName":"VuGen.Replay","Offset":11541,"Length":21,"TypeId":1}],"MetadataTypes":[{"CategoryName":"VuGen.Replay","MetadataTypeName":"HP.LR.Vugen.Iteration","Id":1},{"CategoryName":"VuGen.Replay","MetadataTypeName":"HP.LR.Vugen.NotifyTransaction","Id":2}]}