[
    {
        "actionName": "Action",
        "steps": [
            {
                "stepId": "STEP1",
                "stepName": "Url: WebTours",
                "infFile": "t2.inf",
                "time": 1588938250990
            },
            {
                "stepId": "STEP2",
                "stepName": "Submit Data: login.pl",
                "infFile": "t3.inf",
                "time": 1588938251943
            },
            {
                "stepId": "STEP3",
                "stepName": "Url: Itinerary Button",
                "infFile": "t4.inf",
                "time": 1588938252601
            },
            {
                "stepId": "STEP4",
                "stepName": "Submit Data: itinerary.pl",
                "infFile": "t5.inf",
                "time": 1588938253360
            },
            {
                "stepId": "STEP5",
                "stepName": "Url: SignOff Button",
                "infFile": "t6.inf",
                "time": 1588938253724
            }
        ],
        "transactions": [
            {
                "transactionName": "open_url",
                "rawStartTime": 1588938248228,
                "rawEndTime": 1588938250993,
                "thinkTime": 0.0,
                "wastedTime": 0.7064011096954346
            },
            {
                "transactionName": "login",
                "rawStartTime": 1588938250997,
                "rawEndTime": 1588938251945,
                "thinkTime": 0.0,
                "wastedTime": 0.3501276969909668
            },
            {
                "transactionName": "click_itinerary",
                "rawStartTime": 1588938251949,
                "rawEndTime": 1588938252606,
                "thinkTime": 0.0,
                "wastedTime": 0.03898334503173828
            },
            {
                "transactionName": "delete_ticket",
                "rawStartTime": 1588938252616,
                "rawEndTime": 1588938253363,
                "thinkTime": 0.0,
                "wastedTime": 0.18409943580627442
            },
            {
                "transactionName": "logout",
                "rawStartTime": 1588938253366,
                "rawEndTime": 1588938253726,
                "thinkTime": 0.0,
                "wastedTime": 0.04451918601989746
            },
            {
                "transactionName": "Scenario4",
                "rawStartTime": 1588938248037,
                "rawEndTime": 1588938253729,
                "thinkTime": 0.0,
                "wastedTime": 1.3241307735443116
            }
        ]
    }
]