[
    {
        "actionName": "Action",
        "steps": [
            {
                "stepId": "STEP1",
                "stepName": "Url: WebTours",
                "infFile": "t2.inf",
                "time": 1588936620837
            },
            {
                "stepId": "STEP2",
                "stepName": "Submit Data: login.pl",
                "infFile": "t3.inf",
                "time": 1588936621893
            },
            {
                "stepId": "STEP3",
                "stepName": "Url: Itinerary Button",
                "infFile": "t4.inf",
                "time": 1588936622747
            },
            {
                "stepId": "STEP4",
                "stepName": "Url: SignOff Button",
                "infFile": "t5.inf",
                "time": 1588936623441
            }
        ],
        "transactions": [
            {
                "transactionName": "open_url",
                "rawStartTime": 1588936619303,
                "rawEndTime": 1588936620842,
                "thinkTime": 0.0,
                "wastedTime": 0.5128896236419678
            },
            {
                "transactionName": "login",
                "rawStartTime": 1588936620847,
                "rawEndTime": 1588936621895,
                "thinkTime": 0.0,
                "wastedTime": 0.33571743965148928
            },
            {
                "transactionName": "click_itinerary",
                "rawStartTime": 1588936621899,
                "rawEndTime": 1588936622750,
                "thinkTime": 0.0,
                "wastedTime": 0.11678290367126465
            },
            {
                "transactionName": "logout",
                "rawStartTime": 1588936622760,
                "rawEndTime": 1588936623444,
                "thinkTime": 0.0,
                "wastedTime": 0.13219642639160157
            },
            {
                "transactionName": "Scenario3",
                "rawStartTime": 1588936619240,
                "rawEndTime": 1588936623447,
                "thinkTime": 0.0,
                "wastedTime": 1.0975863933563233
            }
        ]
    }
]