[
    {
        "actionName": "Action",
        "steps": [
            {
                "stepId": "STEP1",
                "stepName": "Url: WebTours",
                "infFile": "t1.inf",
                "time": 1588935920155
            },
            {
                "stepId": "STEP2",
                "stepName": "Submit Data: login.pl",
                "infFile": "t2.inf",
                "time": 1588935920525
            }
        ],
        "transactions": [
            {
                "transactionName": "open_url",
                "rawStartTime": 1588935919226,
                "rawEndTime": 1588935920157,
                "thinkTime": 0.0,
                "wastedTime": 0.3870844841003418
            },
            {
                "transactionName": "login",
                "rawStartTime": 1588935920161,
                "rawEndTime": 1588935920528,
                "thinkTime": 0.0,
                "wastedTime": 0.10994124412536621
            },
            {
                "transactionName": "Scenario2",
                "rawStartTime": 1588935919127,
                "rawEndTime": 1588935920528,
                "thinkTime": 0.0,
                "wastedTime": 0.497025728225708
            }
        ]
    }
]